{"precision": [0.08535895986433013, 0.08277777777777778, 0.10125858123569793, 0.09688195991091314, 0.09116175653140633, 0.0886781929726715, 0.09120699071545603, 0.08586666666666666, 0.09409799554565701, 0.0926856504745952, 0.08558558558558559, 0.09521061742642815, 0.06863839285714286, 0.08564946114577425, 0.10529187124931806, 0.0830945558739255, 0.09371614301191766, 0.09780092592592593, 0.08351769911504425, 0.08170310701956271, 0.09175824175824175, 0.09486166007905138, 0.08680947012401354, 0.1043010752688172, 0.0989136649514008, 0.09254066180594504, 0.09894385769872151, 0.08034188034188035, 0.09319196428571429, 0.09747899159663866, 0.10667427267541357, 0.08162132148806218, 0.1006362058993638, 0.0925207756232687, 0.09152161706906232, 0.07591324200913242, 0.09943502824858758, 0.09055982436882547, 0.08356239692138538, 0.10511832691249312, 0.09547738693467336, 0.08491076257436452, 0.0967741935483871, 0.08825121819166215, 0.09499718943226532, 0.09782608695652174, 0.09925841414717627, 0.08818541548897682, 0.07515423443634324, 0.08759521218715996, 0.08984375, 0.08658922914466737, 0.08555555555555555, 0.08803986710963455, 0.09095890410958904, 0.08773903262092239, 0.09183673469387756, 0.08892617449664429, 0.09101251422070535, 0.08265424912689173, 0.0851063829787234, 0.09075723830734966, 0.09028177113283496, 0.08877131099353322, 0.0994535519125683, 0.09416800428036383, 0.08264004437049362, 0.08432371250707414, 0.0974669603524229, 0.09336332958380203, 0.0896513558384062, 0.08435072142064373, 0.0903409090909091, 0.08872767857142858, 0.09606741573033707, 0.08523676880222841, 0.09497816593886463, 0.08996728462377317, 0.08764044943820225, 0.08155230596175478, 0.09884041965764771, 0.08471760797342193, 0.08802228412256267, 0.0893640350877193, 0.08208541320022185, 0.09937178754997145, 0.08801817149346962, 0.09360986547085202, 0.09364731653888281, 0.08544652701212789, 0.08592017738359202, 0.08790593505039193, 0.09017713365539452, 0.09741331865712713, 0.09229864785420341, 0.09839816933638444, 0.09442548350398179, 0.0938032973280273, 0.09570200573065903, 0.0882016036655212], "recall": [0.18325242718446602, 0.1927554980595084, 0.20774647887323944, 0.19269102990033224, 0.19759036144578312, 0.2157394843962008, 0.21032745591939547, 0.19876543209876543, 0.20239520958083831, 0.19738406658739596, 0.18030842230130487, 0.20097442143727162, 0.15891472868217055, 0.2032301480484522, 0.24307304785894207, 0.1746987951807229, 0.20918984280532044, 0.20584652862362973, 0.1801909307875895, 0.17509247842170161, 0.2014475271411339, 0.20363636363636364, 0.1949367088607595, 0.2266355140186916, 0.20918984280532044, 0.20446096654275092, 0.20204313280363223, 0.1652989449003517, 0.20120481927710843, 0.21668742216687423, 0.2226190476190476, 0.17520858164481526, 0.20838323353293414, 0.21246819338422393, 0.18931475029036005, 0.16964285714285715, 0.2063305978898007, 0.1961950059453032, 0.18673218673218672, 0.22235157159487776, 0.21563682219419925, 0.18536009445100354, 0.2103448275862069, 0.19975490196078433, 0.1983568075117371, 0.2009400705052879, 0.21142162818955043, 0.18396226415094338, 0.16876574307304787, 0.19374247894103488, 0.1961023142509135, 0.1857304643261608, 0.18666666666666668, 0.18928571428571428, 0.1930232558139535, 0.19597989949748743, 0.18728323699421964, 0.18996415770609318, 0.1927710843373494, 0.17466174661746617, 0.19289340101522842, 0.18418079096045198, 0.19478908188585609, 0.17806603773584906, 0.21386603995299647, 0.20608899297423888, 0.17386231038506417, 0.1728538283062645, 0.20823529411764705, 0.2044334975369458, 0.2071611253196931, 0.18952618453865336, 0.1881656804733728, 0.1872791519434629, 0.22178988326848248, 0.18613138686131386, 0.21804511278195488, 0.19760479041916168, 0.18439716312056736, 0.1830808080808081, 0.22153465346534654, 0.18411552346570398, 0.19386503067484662, 0.19176470588235295, 0.1796116504854369, 0.2169576059850374, 0.19254658385093168, 0.1967020023557126, 0.20503597122302158, 0.18833535844471447, 0.18585131894484413, 0.1869047619047619, 0.2028985507246377, 0.21121718377088305, 0.1977329974811083, 0.20722891566265061, 0.21391752577319587, 0.20780856423173805, 0.19351100811123986, 0.19718309859154928], "f1": [0.11646741226378712, 0.11581811115429462, 0.13615384615384615, 0.12893664320118564, 0.12476226702168124, 0.12569169960474308, 0.12723809523809523, 0.11992551210428304, 0.1284682630178639, 0.12613981762917936, 0.11607483772432227, 0.12920908379013313, 0.09586905689789556, 0.12051077414205907, 0.14693566806242864, 0.11262135922330098, 0.12944257388701833, 0.1326010200078462, 0.11413454270597126, 0.1114162416633974, 0.12608531521328803, 0.12942989214175654, 0.12012480499219969, 0.14285714285714285, 0.13431677018633542, 0.1274131274131274, 0.13283582089552237, 0.10812883435582822, 0.12738367658276126, 0.13446676970633695, 0.14423447743925955, 0.11136363636363636, 0.1357254290171607, 0.12890775762253956, 0.12339137017411052, 0.10488958990536278, 0.1341974837971788, 0.12392039053698835, 0.11545765286745158, 0.14275037369207774, 0.1323529411764706, 0.11646884272997032, 0.13256066642520825, 0.12241832519714607, 0.12846826301786393, 0.13158907272027703, 0.13509316770186336, 0.11922048146732898, 0.10399689561505628, 0.1206444361183964, 0.12323000382701876, 0.11811307166006482, 0.11733333333333332, 0.12018140589569162, 0.12364990689013036, 0.12121212121212122, 0.12324077596044122, 0.12114285714285715, 0.12364760432766615, 0.11220861319636506, 0.1181041181041181, 0.12159641924654979, 0.12337917485265226, 0.11847783444488036, 0.13577023498694515, 0.1292691883951524, 0.11203007518796992, 0.11335108406238113, 0.13278319579894973, 0.1281853281853282, 0.12514484356894554, 0.11674347158218125, 0.12207293666026874, 0.12040893600908747, 0.13406507252058017, 0.11692777990064959, 0.132319391634981, 0.12364181341326337, 0.11881188118811879, 0.11284046692607005, 0.1366933944253532, 0.11604095563139932, 0.12107279693486589, 0.1219147344801795, 0.11267605633802816, 0.136310223266745, 0.12081060015588464, 0.12685150018989746, 0.12857142857142856, 0.11755783086841107, 0.11751326762699014, 0.11957349581111958, 0.12486064659977704, 0.13333333333333336, 0.12585170340681365, 0.13343677269200932, 0.13101815311760062, 0.1292596944770858, 0.12806748466257667, 0.1218836565096953],