{"precision": [0.36130092552547355, 0.35483048687229163, 0.3689456198636125, 0.3625470130324499, 0.35331477292500435, 0.3715370674031242, 0.36123194710283624, 0.3531656548135299, 0.35727739726027397, 0.3642226148409894, 0.3679055531263664, 0.35963594592206416, 0.35894074462506553, 0.36160947570109736, 0.35610010427528677, 0.3662729196050776, 0.3645652926913751, 0.3608175991685432, 0.35696180403810857, 0.3531811474698377, 0.3575869013221259, 0.3635352498288843, 0.3628630348857192, 0.35925377037747364, 0.35783111422564823, 0.3590499306518724, 0.35704407951598965, 0.3612037199508686, 0.3625154130702836, 0.3622780805062401, 0.3605899293132036, 0.3586589274885212, 0.36765987105767556, 0.36222048203254154, 0.36169476869865974, 0.35769963623765805, 0.3601821047102084, 0.36870163370593295, 0.36791304347826087, 0.35891391653570803, 0.35917087615398013, 0.3612163948876157, 0.3759510275470048, 0.3723273746933053, 0.366845474995674, 0.3641379310344828, 0.3616431233209117, 0.3674745225657275, 0.36601589495507947, 0.3657700421940928, 0.371332702400413, 0.3669115075201119, 0.365019676432007, 0.3592782593313285, 0.3644950564971751, 0.36509193278789476, 0.3628968774599843, 0.3594983336256797, 0.3616984099248646, 0.36269792669057827, 0.3621897431462423, 0.3592559787422498, 0.36343036430189996, 0.35770647027880065, 0.3656157463856471, 0.36270242033780253, 0.35997195934104453, 0.36601983613626565, 0.35968105390882305, 0.36143006263048016, 0.36521360069747166, 0.35127159100772504, 0.36775081741524696, 0.35706321296852217, 0.36628807434176563, 0.3568760316219268, 0.3594680942923754, 0.3606021505376344, 0.3635883440443701, 0.3635646687697161, 0.3580076098235905, 0.3638195356986421, 0.3603776884070642, 0.36326636647038446, 0.3635186464088398, 0.37153564580791354, 0.36282418249631365, 0.35921991990248997, 0.3533473169026394, 0.3608087091757387, 0.3660567166767843, 0.3678984631324469, 0.3620162487988119, 0.3678121518553432, 0.36945595626487965, 0.35903952326702304, 0.3646538261322228, 0.36395207501302307, 0.36509450320790704, 0.36484114446199756], "recall": [0.7584891955692755, 0.7676470588235295, 0.7626965479848183, 0.7623689534669855, 0.7649274816349595, 0.778340263966733, 0.7704583410651327, 0.7535159141376758, 0.7696421984507562, 0.7569304204149073, 0.7766291305150452, 0.7631726982936433, 0.7701106319144947, 0.7688888888888888, 0.7595922150139017, 0.7600146332540699, 0.7729025151459519, 0.7682094781486262, 0.7681023133345872, 0.7592834484045531, 0.7714393653192293, 0.7677990603541742, 0.7692167577413479, 0.7549001648653599, 0.7629809488233097, 0.7627992633517495, 0.7698471859858368, 0.7624074074074074, 0.7630700778642937, 0.7711880261927034, 0.7706079820962327, 0.7662409772348695, 0.7649084647453326, 0.7630131964809385, 0.762764405543399, 0.7615710861146967, 0.7635486265775798, 0.7772340039876745, 0.759605026929982, 0.7654068143734872, 0.7617288511267085, 0.7614269788182831, 0.7653551717998932, 0.7856878698224852, 0.7711895234630775, 0.768139661756683, 0.762609649122807, 0.7672090112640801, 0.7610921501706485, 0.7689890962853446, 0.767698327997154, 0.7706152433425161, 0.7614009485589202, 0.7619583567810917, 0.7670443990339959, 0.7655414130234274, 0.7749346283152783, 0.7691874648151623, 0.7679465776293823, 0.7639579878385848, 0.7642335766423358, 0.7702240789973415, 0.7669670774324076, 0.7611940298507462, 0.766617969320672, 0.7682094781486262, 0.7678504672897196, 0.7613921779691425, 0.7599340780076909, 0.7640676719382126, 0.7674972517405643, 0.7519509476031215, 0.7671872195297074, 0.762175027462468, 0.7674418604651163, 0.7607407407407407, 0.7679394945581995, 0.7686101943527686, 0.7754412316935787, 0.7589171391988293, 0.7665247176448806, 0.7685048112509253, 0.7714766984839978, 0.762865975631933, 0.7675902296755377, 0.7645265423242468, 0.7740562546262029, 0.7611141855746172, 0.7513473332094406, 0.7631578947368421, 0.7632911392405063, 0.7636200716845878, 0.7679762787249814, 0.7683494450411744, 0.7644590403211093, 0.7625162851293504, 0.7699212309946877, 0.7630141973061522, 0.7650799418604651, 0.7634527089072544], "f1": [0.48945394891024147, 0.48532744494160035, 0.49731895586588876, 0.4914048606994665, 0.48336606558352685, 0.5029793200140203, 0.4918557128472428, 0.4809259477973308, 0.4880130978832884, 0.4917993678058091, 0.49928791834797054, 0.48888888888888893, 0.48965722801788375, 0.49188484776685226, 0.48488434005797787, 0.4943191957646779, 0.49543983524566043, 0.4910130237491897, 0.4874089986871942, 0.4821090047393365, 0.48866287765480104, 0.49343862501451624, 0.49311069593647827, 0.48682811577082097, 0.48717948717948717, 0.4882706589649888, 0.48783656117146906, 0.4901774020716752, 0.4915213756866493, 0.49297374872929495, 0.49129064859401933, 0.48861088162398203, 0.4966166519564578, 0.4912384211457903, 0.4907032670537862, 0.486769992338971, 0.4894705532421178, 0.5001457980987929, 0.49572349150556533, 0.48867756315007427, 0.4881628787878788, 0.4899862497758116, 0.504222378606615, 0.505231866825208, 0.49718574108818014, 0.4940639803497281, 0.49062371406736816, 0.4969310943833237, 0.4943125473954384, 0.4957407517722046, 0.500550884314294, 0.4971269474557195, 0.49346810900277827, 0.48830919035883874, 0.4941655197175513, 0.49440076244936854, 0.49431107404539226, 0.4899886438347976, 0.4917740690146701, 0.4918732945782418, 0.491462770638972, 0.48997342353225415, 0.4931701259535214, 0.4866992723368723, 0.495105554900342, 0.4927553373942871, 0.49015630593007997, 0.4943794047411032, 0.4882640155303253, 0.49072871146805247, 0.4949196597353497, 0.4788499083003018, 0.4971790845111383, 0.48630337013024943, 0.4958937620129304, 0.48583762048370877, 0.4897070932831431, 0.4908952514784237, 0.49505543901708127, 0.49161680194324303, 0.4880636604774536, 0.4938462453177953, 0.49126988856444787, 0.4921687100369566, 0.4933801991798477, 0.5000586510263929, 0.49406484379613774, 0.4880818595847873, 0.4806514890328716, 0.48996832101372756, 0.49481273078952004, 0.4965621722409975, 0.4920738585762631, 0.4974789915966388, 0.4981571751278088, 0.4882030505243089, 0.4949072711215779, 0.49282859158241243, 0.49430684352623544, 0.4937347823504959],