{"precision": [0.47047732460057556, 0.47761798663155763, 0.4725930420711974, 0.4767287911192586, 0.469607040523946, 0.4714813704924583, 0.48164256093860625, 0.467340831699515, 0.46805289189461996, 0.4679922897433296, 0.4724902994726893, 0.46253177427554654, 0.46209718670076727, 0.4828356693073329, 0.4659285354806241, 0.4619201944500709, 0.46241206030150755, 0.46627004134314814, 0.4726338070758996, 0.46865282375363626, 0.4728110599078341, 0.47160139429977443, 0.4717607973421927, 0.4712047212047212, 0.46489297859571915, 0.46614971667163735, 0.4759901498050482, 0.46521997621878713, 0.4624370594159114, 0.46427141713370695, 0.46006647195085104, 0.47309552599758165, 0.4599570420374348, 0.47036056223263395, 0.4747713492960641, 0.46809571286141577, 0.4635687353510649, 0.46475615887380595, 0.4718943788757752, 0.47228719617614157, 0.4787159102344772, 0.47316681713311265, 0.48155943074764485, 0.46038306451612904, 0.46671373814807343, 0.4683902241971319, 0.47918556597117223, 0.4651705930138099, 0.47035452322738386, 0.46432877813504825, 0.46242369658761134, 0.46417850710426256, 0.4639690143716237, 0.46311886149528964, 0.4600405679513185, 0.4668702290076336, 0.46404640464046404, 0.4651304436097858, 0.4611743377983684, 0.46299449173760643, 0.45661779473789915, 0.47343338065301155, 0.47430513897220555, 0.46824029986830107, 0.4705526421944332, 0.46900619876024796, 0.4709638794651766, 0.4658102366983613, 0.466580336686921, 0.463680387409201, 0.46271951831409935, 0.462668544978869, 0.4642313546423135, 0.4639227642276423, 0.4558350100603622, 0.46602428987252836, 0.4643510054844607, 0.46434037343128254, 0.4774258421317245, 0.47132451010567356, 0.47866732968672304, 0.45765985564704686, 0.4657217531162043, 0.4667856434661908, 0.4711151368760064, 0.47197252802747197, 0.47748754954771827, 0.46418165377273185, 0.46763168476075595, 0.4643108829155341, 0.4683041174072564, 0.4594540143044223, 0.4697319546230298, 0.46029352633695214, 0.4587900933820544, 0.47101449275362317, 0.4662539936102236, 0.4689106117101683, 0.4713997985901309, 0.46213338690237044], "recall": [0.84994621728218, 0.8656387665198237, 0.8550777676120769, 0.8568552077613033, 0.8647069907669116, 0.858806404657933, 0.8601878612716763, 0.8538838612368024, 0.8528600331064925, 0.855526706231454, 0.846071619454837, 0.8469558741388941, 0.8481036425084492, 0.8621690243017773, 0.8604089219330855, 0.8482425144132416, 0.8575955265610438, 0.8612404544607934, 0.8548769371011851, 0.8566189952328567, 0.8613805970149254, 0.8498060225383336, 0.863778801843318, 0.8509739066519661, 0.8528440366972477, 0.8531659388646288, 0.8554305734833119, 0.8467087466185753, 0.8452052273145592, 0.8560620040597896, 0.8539914002617311, 0.8576909024479357, 0.8497732426303855, 0.8471840029352412, 0.8544479378583318, 0.8578476155673306, 0.8550751879699248, 0.8557674504721348, 0.8623651983184062, 0.8598407702277356, 0.8560374302681303, 0.8560798548094374, 0.8589560243117627, 0.8533258594917787, 0.8502388827636899, 0.8557195571955719, 0.8624818577648766, 0.8546641791044776, 0.8498067366096079, 0.8510128913443831, 0.8614839671886652, 0.8568526043590691, 0.8527538403896591, 0.8525830258302584, 0.8423398328690808, 0.8557835820895522, 0.852157943067034, 0.8558087411281285, 0.8525414261776205, 0.8618568232662193, 0.8535761216444527, 0.8590616375344986, 0.8533908976434611, 0.8483847283406755, 0.8514598540145986, 0.8586857038257367, 0.8602150537634409, 0.8527777777777777, 0.8538096974115932, 0.8577827547592385, 0.8529411764705882, 0.8530612244897959, 0.8502137149228768, 0.847253155159614, 0.8521722776001505, 0.8536495679352822, 0.8512381307019177, 0.8503363228699552, 0.8612370760021767, 0.8577296489917849, 0.8650251617541337, 0.8526515151515152, 0.8527517025584391, 0.857559198542805, 0.8514005092761004, 0.8569594718503576, 0.8520130576713819, 0.8585764727745773, 0.8646840148698884, 0.8499815702174714, 0.8531377645748236, 0.8499813641446142, 0.8521216536150064, 0.8506409065576815, 0.8417132216014898, 0.853236098450319, 0.8617826167189518, 0.8545454545454545, 0.8587415153182902, 0.8470176730486009], "f1": [0.605685084637496, 0.6155854327111342, 0.6087409626783039, 0.6126161497186233, 0.6086610517938856, 0.6087573353969176, 0.6175192893730143, 0.6040680226742248, 0.6044056308654848, 0.6050232802150962, 0.6063585291113381, 0.5983164540313035, 0.598238527249851, 0.6190104166666667, 0.6045053868756121, 0.598124713133565, 0.6008488410055501, 0.6049980374198614, 0.6087238738153966, 0.6058484082214874, 0.610512396694215, 0.6065800751631831, 0.6102357077744498, 0.6065487884741322, 0.6017607457276023, 0.6028929604628737, 0.6116421649416574, 0.6004988169086142, 0.5977999088719651, 0.6020375056777626, 0.5979840293232098, 0.6098194570723471, 0.5968544694405734, 0.6048857161569192, 0.6103844629409433, 0.6056892214410114, 0.6012026696623274, 0.6023719536035449, 0.6099941819122116, 0.6096888538794801, 0.614044146121079, 0.6094708960527166, 0.6171333162085796, 0.5980880041906756, 0.6026308934618391, 0.6054039942566245, 0.616082420786626, 0.6024460810099947, 0.6055479047806414, 0.600832141464049, 0.6018102493976688, 0.6021547248182763, 0.6009637599841574, 0.6002078191972984, 0.5950803542144966, 0.604148831083306, 0.6008806008806008, 0.6026964814205853, 0.598562091503268, 0.6023845201641801, 0.5949623814196924, 0.6104464927763614, 0.609729451834715, 0.6034336444937658, 0.606131462717589, 0.6066602004526349, 0.6086788316461409, 0.6025121025775219, 0.6034138486312399, 0.6019646365422396, 0.5999609654544271, 0.5999478079331941, 0.6005513258072985, 0.5995534541633832, 0.5939568722553582, 0.6029087131541357, 0.6009068804626405, 0.6006731340328648, 0.6143097425281409, 0.6083559557703767, 0.61630065945323, 0.5956208242376132, 0.6024315714192836, 0.6045197740112994, 0.6065828689905404, 0.60870131561808, 0.6119976551813977, 0.6025824964131994, 0.6069937369519832, 0.6005599322872582, 0.6046848269509146, 0.5964820506113908, 0.6056173958063682, 0.5973517709216619, 0.593877282880042, 0.6069645288891771, 0.605118237771299, 0.605543987506507, 0.6086730381639686, 0.5979984403431245],