{"precision": [0.5424239165501666, 0.5516554903604359, 0.552971300544116, 0.5401656092052909, 0.5631675477397777, 0.5511943596758918, 0.5525617906014639, 0.5461480605995487, 0.5540625656099097, 0.5568120624663435, 0.5510359869138495, 0.547923322683706, 0.5459360138348465, 0.5476317189994678, 0.5590909090909091, 0.5484633569739953, 0.5577379667601986, 0.5445289893902047, 0.5647058823529412, 0.5516544313224812, 0.5361743237440961, 0.5497995014630974, 0.5617713124398331, 0.5528933575783507, 0.5557702630166398, 0.5554604770563697, 0.5443900361933148, 0.5614688664183076, 0.5493833780160858, 0.554710106097953, 0.5446390431439556, 0.5458937198067633, 0.5437877480586712, 0.5509180187873612, 0.5536681176345685, 0.548267849598648, 0.5473822275658542, 0.5450206118463875, 0.5433974290874323, 0.5515541264737406, 0.544747496271042, 0.5526845282219633, 0.5470212765957447, 0.5452413940104445, 0.5593147290162698, 0.5554842161583735, 0.5532730175625332, 0.5508547008547009, 0.5485263953362841, 0.5450326935245728, 0.5489229450219698, 0.5524602412210481, 0.5446891191709845, 0.551256012827365, 0.5480870851828367, 0.5507277628032345, 0.5598020635923352, 0.559322033898305, 0.5543852106620808, 0.5451923076923076, 0.54368, 0.5507636050763605, 0.5497205525677529, 0.5479671326432611, 0.5423547072699979, 0.5482408806388949, 0.546638433033351, 0.556732223903177, 0.54944, 0.5544206830513885, 0.5535752630448787, 0.5453100158982512, 0.5483524739723087, 0.5537005529561888, 0.5461907298881193, 0.551511879049676, 0.553763440860215, 0.5580520318211137, 0.5467164975974372, 0.5440778799351, 0.5507662835249042, 0.5443201376936316, 0.5547835382148584, 0.5420590753424658, 0.5493246893571043, 0.5478947368421052, 0.5532623884768354, 0.552466070837471, 0.5481780516307234, 0.546717308735757, 0.5522945570971185, 0.5461716449305848, 0.5541808873720137, 0.5537413494809689, 0.5552362707535121, 0.5601344756533998, 0.5501803522172714, 0.5616129032258065, 0.553847807394669, 0.5518213356461406], "recall": [0.9466966966966966, 0.9479654303204897, 0.9428779334182281, 0.9470211161387632, 0.9434303271281402, 0.9509803921568627, 0.9450290275761973, 0.9395563770794825, 0.9433422698838249, 0.9434306569343066, 0.9455464071856288, 0.9431714023831348, 0.9449953227315248, 0.9414455626715462, 0.9417735042735043, 0.9469387755102041, 0.9493019838354151, 0.9430215293244246, 0.9455991324778601, 0.9439286364463864, 0.9390862944162437, 0.9468085106382979, 0.9412186379928316, 0.9472237493128093, 0.9473010064043916, 0.9490131578947368, 0.9409383624655013, 0.9397826474256191, 0.9471251617674247, 0.9446979375798503, 0.9465478841870824, 0.9451672862453532, 0.9397949673811743, 0.948016164584864, 0.9456029011786038, 0.9470899470899471, 0.9452623631559078, 0.9452492944496708, 0.9461709211986682, 0.9461298032726604, 0.947202667654687, 0.9437613019891501, 0.9471357524405968, 0.9516369047619048, 0.9575724036155691, 0.9503844745514464, 0.9437182280319535, 0.9460550458715596, 0.9442482809886639, 0.9465201465201465, 0.9398165137614679, 0.9436645396536008, 0.9470720720720721, 0.9462385321100918, 0.9427376840574441, 0.9419140697031163, 0.9487865810135617, 0.9476861167002012, 0.9455545371219065, 0.944300518134715, 0.9430157261794635, 0.9379120879120879, 0.9514509947070633, 0.9432402645113886, 0.9433047370384186, 0.9447647387018784, 0.94318597004019, 0.9468847638301783, 0.9465270121278941, 0.9423146473779385, 0.9507652590816891, 0.9443832599118943, 0.9408839779005524, 0.9381981981981982, 0.9400330093526499, 0.9412089937338739, 0.9430507233107489, 0.9484743285218344, 0.9399669542867634, 0.9408903853348298, 0.9453781512605042, 0.9482758620689655, 0.9422657952069716, 0.9440820130475303, 0.9442793462109955, 0.9448175712470502, 0.9510347376201035, 0.9395759054231563, 0.9473104461171287, 0.9477050413844996, 0.9402252906976745, 0.9467639015496809, 0.9486945408070111, 0.9425731639977912, 0.9459655485040798, 0.9402876388130348, 0.9406856520950481, 0.9465386009423704, 0.9439457776149478, 0.9476819959039285], "f1": [0.6896834620906542, 0.6974433699827791, 0.6971082716879623, 0.68794083407519, 0.7053100932306445, 0.6978882153087737, 0.6973693018274315, 0.6907657810695115, 0.6981019773824482, 0.7003047748052826, 0.6962932341187819, 0.6931626810373863, 0.692060012331301, 0.6924629878869448, 0.701644998673388, 0.6946107784431137, 0.7026512576478586, 0.6904001630545554, 0.707122584132991, 0.6963470319634704, 0.6826101810727707, 0.6956462118615016, 0.7035970259227008, 0.6982304471160341, 0.7005412719891744, 0.7007624316847716, 0.6897295839233932, 0.7029584221748401, 0.695398398262522, 0.6989871708305198, 0.6914316702819957, 0.6920721333787003, 0.6889389902302384, 0.6968674048069133, 0.6984063211463775, 0.6944946150244163, 0.6932927251332457, 0.6913920044037707, 0.6903299817801472, 0.6968650551831539, 0.691693722943723, 0.6971214853402791, 0.6935059680356059, 0.693271901890372, 0.7061624268806964, 0.7011548591882217, 0.6975776689257197, 0.6962862930452398, 0.6939360830374215, 0.6917414000803105, 0.6930518909410731, 0.6969166554463443, 0.6916118421052632, 0.6966565349544073, 0.6931765020383613, 0.6950605524561165, 0.7041451463382333, 0.7034623217922606, 0.698963344400027, 0.6912760769439177, 0.6897158322056834, 0.6939964764873288, 0.696831974334982, 0.6932163347958151, 0.6887254901960785, 0.6938468892986409, 0.6921375427307461, 0.7011908812521266, 0.6952824458392388, 0.6981043606403644, 0.699735359978286, 0.6913928643418665, 0.6928866888180647, 0.696402300387856, 0.6909286965898368, 0.6954923055971673, 0.6977847029334054, 0.702673434856176, 0.6913313529570618, 0.6894661092454253, 0.6960322797579018, 0.6916347731000545, 0.698378523851174, 0.688693996872663, 0.6945829633171665, 0.6935838496901858, 0.6995582738702004, 0.6958032240133407, 0.6944818304172273, 0.6934140802422407, 0.6958450988301734, 0.6927232708597346, 0.6996566350232277, 0.6976364007901369, 0.6997518610421835, 0.702052467038195, 0.6942901131267152, 0.7049534350114727, 0.698096592833435, 0.6974991435423091], "accuracy": [0.9630561573071155, 0.9625145809031828, 0.9632977837027162, 0.9626645559073488, 0.9645142476253957, 0.9628311948008665, 0.9632644559240127, 0.9630228295284119, 0.9627562072987835, 0.9640643226128979, 0.9640309948341943, 0.9628811864689218, 0.9633727712047992, 0.9628395267455424, 0.9632811198133644, 0.9634060989835027, 0.964347608731878, 0.9629145142476254, 0.9647142142976171, 0.9633061156473921, 0.9623646058990168, 0.9638226962172971, 0.9641976337277121, 0.9634560906515581, 0.9639643392767872, 0.9636310614897518, 0.9627395434094318, 0.9638726878853524, 0.9632061323112815, 0.9635477420429929, 0.9629145142476254, 0.9629978336943843, 0.9628478586902183, 0.9634310948175304, 0.9633311114814198, 0.9627312114647558, 0.9638976837193801, 0.963239460089985, 0.9625979003499416, 0.963464422596234, 0.9627895350774871, 0.9629645059156807, 0.962797867022163, 0.9626895517413765, 0.9644809198466923, 0.9637977003832695, 0.9633477753707715, 0.9635810698216963, 0.9634894184302616, 0.9624645892351275, 0.9632977837027162, 0.963531078153641, 0.9633561073154474, 0.9633977670388268, 0.9626395600733211, 0.9634144309281787, 0.9636143976003999, 0.9642559573404432, 0.9637893684385935, 0.9627895350774871, 0.9628395267455424, 0.9633727712047992, 0.9628228628561907, 0.9629895017497084, 0.9625562406265622, 0.963389435094151, 0.9627145475754041, 0.9642392934510915, 0.9631394767538743, 0.9635227462089652, 0.9637393767705382, 0.9624479253457757, 0.9631978003666055, 0.9633477753707715, 0.9626145642392935, 0.9636727212131312, 0.9637810364939177, 0.9640393267788702, 0.9626895517413765, 0.9631061489751708, 0.9629895017497084, 0.9630811531411432, 0.9635810698216963, 0.9627395434094318, 0.9635810698216963, 0.962647892017997, 0.9638560239960007, 0.9644642559573404, 0.9629978336943843, 0.9637560406598901, 0.9632894517580404, 0.962347942009665, 0.9637643726045659, 0.9639643392767872, 0.9633644392601233, 0.9642059656723879, 0.962939510081653, 0.9640809865022496, 0.963839360106649, 0.9639226795534077]}