{"precision": [0.32426666666666665, 0.3161493950552341, 0.29023746701846964, 0.30680570801317236, 0.3124659771366358, 0.3194975423265975, 0.29168929929386206, 0.32764505119453924, 0.29936642027455124, 0.3019361590790162, 0.31476615869679453, 0.31605351170568563, 0.3212938005390836, 0.3104902477596205, 0.30514705882352944, 0.31806073521576983, 0.32079646017699115, 0.30393198724760895, 0.3076508620689655, 0.31445849367784495, 0.3253333333333333, 0.32799558255107675, 0.30985915492957744, 0.3258365331870543, 0.33280839895013126, 0.3215065502183406, 0.3156779661016949, 0.3203371970495258, 0.32051282051282054, 0.31845077998924154, 0.3201997780244173, 0.32186996238581406, 0.32301845819761127, 0.3182543906333156, 0.3164763458401305, 0.2994108194965185, 0.2848067760719958, 0.30106921778277995, 0.3212464589235127, 0.3348139922265408, 0.3426724137931034, 0.3206314643440392, 0.3347755543537047, 0.31051478641840086, 0.31445209105346744, 0.3159891598915989, 0.3193717277486911, 0.3235919234856536, 0.31019754404698346, 0.3149171270718232, 0.32783395423097395, 0.3139717425431711, 0.32653061224489793, 0.32148626817447495, 0.30164630908125334, 0.3164624400639318, 0.309447983014862, 0.3003682272488164, 0.30871413390010627, 0.31273508866200966, 0.3223579394583112, 0.3215451577801959, 0.321701199563795, 0.31306666666666666, 0.3241418120427687, 0.3237527114967462, 0.3210757409440176, 0.31645569620253167, 0.31385281385281383, 0.30728051391862954, 0.3184747583243824, 0.3371212121212121, 0.32858649789029537, 0.31190223166843783, 0.3267015706806283, 0.32230059685295714, 0.3204780010863661, 0.31978609625668447, 0.322360953461975, 0.3130296610169492, 0.3089647812166489, 0.3062568605927552, 0.3020833333333333, 0.3094850948509485, 0.32184517497348886, 0.30898268398268397, 0.31100478468899523, 0.32210526315789473, 0.32261465471797574, 0.31491416309012876, 0.3295940170940171, 0.3209076175040519, 0.3161925601750547, 0.314785373608903, 0.32164383561643833, 0.30174180327868855, 0.3126349892008639, 0.3088235294117647, 0.3277807630306287, 0.31748547279450606], "recall": [0.7441860465116279, 0.7087264150943396, 0.6723716381418093, 0.6996245306633292, 0.6792899408284023, 0.7142857142857143, 0.6964980544747081, 0.7309644670050761, 0.7222929936305732, 0.7123456790123457, 0.725181598062954, 0.7052238805970149, 0.7259439707673568, 0.735330836454432, 0.7050970873786407, 0.7271619975639464, 0.7259073842302879, 0.7079207920792079, 0.7006134969325153, 0.7070457354758962, 0.7193396226415094, 0.724390243902439, 0.7027027027027027, 0.6996466431095406, 0.7432590855803048, 0.7028639618138425, 0.6946386946386947, 0.7045191193511008, 0.7255139056831923, 0.7184466019417476, 0.7435567010309279, 0.7088757396449704, 0.7273838630806846, 0.706855791962175, 0.7141104294478527, 0.7130102040816326, 0.6733416770963705, 0.7020997375328084, 0.7159090909090909, 0.7221556886227545, 0.7251995438996579, 0.7289603960396039, 0.7282352941176471, 0.7017326732673267, 0.7046263345195729, 0.7417302798982188, 0.7043879907621247, 0.7372881355932204, 0.72625, 0.6959706959706959, 0.7315914489311164, 0.7100591715976331, 0.717827626918536, 0.6982456140350877, 0.6884848484848485, 0.726161369193154, 0.6915776986951364, 0.7040690505548706, 0.6941457586618877, 0.7114914425427873, 0.7278177458033573, 0.718978102189781, 0.7160194174757282, 0.7055288461538461, 0.7236180904522613, 0.704840613931523, 0.715158924205379, 0.7001166861143524, 0.7134071340713407, 0.7068965517241379, 0.7249388753056235, 0.7399049881235155, 0.7295081967213115, 0.7264851485148515, 0.7332549941245593, 0.7148014440433214, 0.7195121951219512, 0.696969696969697, 0.7117794486215538, 0.7111913357400722, 0.706959706959707, 0.6855036855036855, 0.725, 0.6954933008526187, 0.7124413145539906, 0.7040690505548706, 0.7195571955719557, 0.7391304347826086, 0.7311827956989247, 0.7264851485148515, 0.6917040358744395, 0.7297297297297297, 0.7206982543640897, 0.7165259348612787, 0.693853427895981, 0.7062350119904077, 0.6942446043165468, 0.6831325301204819, 0.7587064676616916, 0.7154761904761905], "f1": [0.4517087667161961, 0.43724990905783917, 0.4054552156284556, 0.4265547500953834, 0.4280387770320656, 0.44150943396226416, 0.41117917304747326, 0.45247446975648076, 0.42329227323628216, 0.42410878353546494, 0.4389886405276658, 0.43648960739030024, 0.44544095665171896, 0.4366197183098592, 0.4259530791788857, 0.44255003706449214, 0.44495588799386265, 0.4252788104089219, 0.4275552227630101, 0.43531202435312033, 0.44803525523319865, 0.45153933865450396, 0.43007518796992483, 0.4446107784431137, 0.45975344452501815, 0.4411985018726592, 0.4340859431900947, 0.440420137631293, 0.44460911448684703, 0.44129705553484905, 0.44763382467028706, 0.44271988174427196, 0.4473684210526316, 0.43889908256880744, 0.43858327053504154, 0.42172764994341755, 0.40029761904761907, 0.4214257581725088, 0.443488463042628, 0.4575113808801214, 0.4654226125137212, 0.44536862003780725, 0.4586884031122638, 0.43052391799544415, 0.4348462664714495, 0.443177499049791, 0.4394812680115273, 0.4497784342688332, 0.43471754582865696, 0.4336249524534043, 0.45277471517824325, 0.4354136429608128, 0.44887412329272797, 0.4402654867256637, 0.4194977843426883, 0.4408163265306122, 0.42757609094242754, 0.42109144542772864, 0.42736300110334674, 0.43449048152295633, 0.44681634155318367, 0.444360902255639, 0.44394281414597436, 0.43369043221278164, 0.44772638942868254, 0.443701226309922, 0.4431818181818182, 0.4358881220486742, 0.43592634347989473, 0.4283582089552239, 0.4425373134328358, 0.46319702602230484, 0.45309090909090904, 0.43643122676579926, 0.45201014125316913, 0.4442782348541511, 0.4434423149192033, 0.43841642228739003, 0.44375, 0.43471864656123577, 0.43000371333085785, 0.4233687405159332, 0.4264705882352941, 0.4283570892723181, 0.44338933528122715, 0.4294847687100414, 0.4342984409799555, 0.4486803519061584, 0.44769568397951715, 0.43937125748503, 0.44645441389290885, 0.4457786116322702, 0.4395437262357414, 0.4374079528718704, 0.4395357543991014, 0.4228284278535535, 0.4311243484735666, 0.4253563390847712, 0.45778611632270166, 0.43980973289425535],