{"precision": [0.2773333333333333, 0.28664850136239783, 0.2960741548527808, 0.27961579509071505, 0.2741228070175439, 0.28673637864612, 0.2818132168214091, 0.28662420382165604, 0.2981132075471698, 0.29718004338394793, 0.29256198347107437, 0.26557377049180325, 0.28218100056211354, 0.2786343612334802, 0.29143798024149287, 0.28547763666482606, 0.2887284841754581, 0.28485511208310554, 0.2792642140468227, 0.2899022801302932, 0.2868942731277533, 0.2829218106995885, 0.30903155603917304, 0.2862616310892173, 0.27771679473106475, 0.2912880812399786, 0.27086614173228346, 0.2972375690607735, 0.288099084544965, 0.2973404255319149, 0.2875275938189846, 0.276536312849162, 0.28202308960967565, 0.2905117270788913, 0.29604221635883904, 0.29662423907028224, 0.2937142857142857, 0.2852422907488987, 0.2862679955703212, 0.28618968386023297, 0.27759562841530055, 0.28133125325013003, 0.2739946380697051, 0.2858660998937301, 0.2633630289532294, 0.2934232715008432, 0.2820927723840345, 0.2662192393736018, 0.28014941302027746, 0.27405405405405403, 0.2870915907873594, 0.2773155851358846, 0.28087431693989073, 0.2890625, 0.2910569105691057, 0.27759914255091106, 0.28274311410905, 0.28944444444444445, 0.2834467120181406, 0.2860180754917597, 0.2938951917882226, 0.28869374313940727, 0.289760348583878, 0.27207107162687394, 0.2876787678767877, 0.2914224826851359, 0.2723778143876991, 0.2827510917030568, 0.2934027777777778, 0.2807799442896936, 0.3036117381489842, 0.28039430449069, 0.2990855298547606, 0.2708333333333333, 0.2850828729281768, 0.2844134975897161, 0.2707092582566324, 0.2737642585551331, 0.28626585769442914, 0.29311326124075127, 0.2814938684503902, 0.28354856822010105, 0.2947198275862069, 0.2825136612021858, 0.28944444444444445, 0.27363737486095663, 0.2729774353329664, 0.28846153846153844, 0.28736234923964343, 0.3016216216216216, 0.2996632996632997, 0.2823920265780731, 0.27930306230200636, 0.2999449642267474, 0.28023758099352053, 0.3022490400438837, 0.282312925170068, 0.27945205479452057, 0.27569060773480664, 0.2643171806167401], "recall": [0.6205250596658711, 0.6406820950060901, 0.6358313817330211, 0.6223277909738717, 0.6226650062266501, 0.6254501800720288, 0.631578947368421, 0.6367924528301887, 0.6490610328638498, 0.6075388026607539, 0.6382211538461539, 0.5737898465171193, 0.6306532663316583, 0.6503856041131105, 0.6276595744680851, 0.6406443618339529, 0.6403940886699507, 0.6603295310519645, 0.6357868020304569, 0.6252927400468384, 0.6232057416267942, 0.6524317912218268, 0.6761904761904762, 0.6293622141997594, 0.640506329113924, 0.6307870370370371, 0.6157517899761337, 0.6505441354292624, 0.6461352657004831, 0.6462427745664739, 0.6292270531400966, 0.6362467866323908, 0.6203143893591294, 0.6472684085510689, 0.6515679442508711, 0.6298472385428907, 0.6291309669522643, 0.6203592814371257, 0.6274271844660194, 0.6640926640926641, 0.6279357231149567, 0.6463560334528077, 0.6141826923076923, 0.6560975609756098, 0.6142857142857143, 0.6214285714285714, 0.6417177914110429, 0.5833333333333334, 0.6242568370986921, 0.6377358490566037, 0.6042841037204059, 0.6313131313131313, 0.618531889290012, 0.6387176325524044, 0.6477683956574186, 0.6181384248210023, 0.6327044025157232, 0.6440049443757726, 0.6345177664974619, 0.6285046728971962, 0.6370023419203747, 0.6368038740920097, 0.6511627906976745, 0.5889423076923077, 0.6339393939393939, 0.6180790960451977, 0.6169154228855721, 0.6332518337408313, 0.6167883211678832, 0.6214549938347719, 0.660122699386503, 0.6282208588957056, 0.6674669867947179, 0.6374193548387097, 0.6128266033254157, 0.6366906474820144, 0.6337135614702155, 0.6469833119383825, 0.6455223880597015, 0.625, 0.6128640776699029, 0.6558441558441559, 0.6535244922341696, 0.6304878048780488, 0.6269554753309265, 0.6059113300492611, 0.6367137355584083, 0.6428571428571429, 0.6586538461538461, 0.66270783847981, 0.6425992779783394, 0.6211936662606578, 0.6396614268440145, 0.6235697940503433, 0.6260554885404102, 0.6421911421911422, 0.6117936117936118, 0.6505102040816326, 0.5976047904191617, 0.5985037406483791], "f1": [0.38333947659417617, 0.3960843373493976, 0.40401785714285715, 0.38586156111929304, 0.38066235249333846, 0.3932075471698114, 0.38972809667673713, 0.3953147877013178, 0.4085703731067603, 0.3991260014566642, 0.40120891575368345, 0.36309301456854687, 0.3899029126213592, 0.39013107170393213, 0.3980509745127436, 0.3949579831932773, 0.39800995024875624, 0.3980137509549274, 0.38807126258714175, 0.3961424332344214, 0.3929110105580694, 0.39468963042698246, 0.4241971620612398, 0.3935289691497367, 0.3874425727411945, 0.3985374771480804, 0.37623040466642366, 0.4080394387561623, 0.3985102420856611, 0.40728597449908926, 0.3946969696969697, 0.3855140186915888, 0.38775510204081637, 0.4010301692420898, 0.40711175616836, 0.4033107599699022, 0.4004674717569147, 0.39079592606563557, 0.3931558935361217, 0.4, 0.3849943160287988, 0.39202898550724635, 0.3789395624768261, 0.3982235381199112, 0.36866718628215117, 0.39862542955326463, 0.3919070813038591, 0.3655913978494624, 0.3867403314917127, 0.3833648393194707, 0.38925199709513436, 0.3853564547206165, 0.38632093198045847, 0.39800230503265466, 0.40164547494390423, 0.3831360946745562, 0.3908313908313908, 0.39938673821387505, 0.3918495297805643, 0.3931311655096822, 0.4022181146025878, 0.3972809667673716, 0.40105540897097625, 0.37219901253323207, 0.3957623912220961, 0.39608979000724115, 0.37790476190476197, 0.3909433962264151, 0.3976470588235294, 0.38679969301611666, 0.41592578275995357, 0.387731919727376, 0.413075780089153, 0.38014621008080035, 0.38914027149321273, 0.3931877082562014, 0.37936267071320184, 0.3847328244274809, 0.3966373710355369, 0.3990701278574196, 0.38579067990832705, 0.39592316738533906, 0.40623839584106947, 0.390188679245283, 0.39604713036868117, 0.3770114942528736, 0.3821263482280432, 0.39823008849557523, 0.40014603870025556, 0.41456166419019314, 0.4087256027554535, 0.3882755995432052, 0.3888276368981992, 0.4050538833147529, 0.3871689668034316, 0.4110406564714658, 0.38634600465477115, 0.39095438865465704, 0.3773156899810964, 0.36669213139801377],